phrase,canonical_tag,level,note
擦边,lingerie,1,soft suggestive routing
擦边图,lingerie,1,soft suggestive routing
涩一点,lingerie,1,soft suggestive routing
涩图,lingerie,1,soft suggestive routing
瑟图,lingerie,1,soft suggestive routing
色气,lingerie,1,soft suggestive routing
福利图,lingerie,1,soft suggestive routing
诱惑,lingerie,1,soft suggestive routing
挑逗,lingerie,1,soft suggestive routing
内衣,lingerie,1,underwear
情趣内衣,lingerie,1,underwear
猫咪内衣,cat_lingerie,1,trigger-specific lingerie association
猫猫内衣,cat_lingerie,1,trigger-specific lingerie association
猫系内衣,cat_lingerie,1,trigger-specific lingerie association
胖次,panties,1,underwear
内裤,panties,1,underwear
小内内,panties,1,underwear
三角裤,panties,1,underwear
没穿胸罩,no_bra,1,no bra
没穿内衣,no_bra,1,no bra
不穿胸罩,no_bra,1,no bra
无胸罩,no_bra,1,no bra
無胸罩,no_bra,1,no bra
真空,no_bra,1,no bra
没穿内裤,no_panties,1,no panties
不穿内裤,no_panties,1,no panties
无内裤,no_panties,1,no panties
無內褲,no_panties,1,no panties
掀衣,shirt_lift,1,clothing reveal
撩衣,shirt_lift,1,clothing reveal
掀衣服,shirt_lift,1,clothing reveal
撩衣服,shirt_lift,1,clothing reveal
衣服掀起,shirt_lift,1,clothing reveal
衣服上提,shirt_lift,1,clothing reveal
掀裙,skirt_lift,1,clothing reveal
撩裙,skirt_lift,1,clothing reveal
掀裙子,skirt_lift,1,clothing reveal
撩裙子,skirt_lift,1,clothing reveal
裙子掀起,skirt_lift,1,clothing reveal
掀比基尼,bikini_top_lift,1,bikini reveal
撩比基尼,bikini_top_lift,1,bikini reveal
比基尼上提,bikini_top_lift,1,bikini reveal
比基尼走光,bikini_top_lift,1,bikini reveal
拉比基尼,bikini_pull,1,bikini pull
扯比基尼,bikini_pull,1,bikini pull
泳衣走光,swimsuit_aside,1,swimsuit reveal
泳衣挪开,swimsuit_aside,1,swimsuit reveal
透视衣服,see-through_clothes,1,see-through clothes
透视装,see-through_clothes,1,see-through clothes
透视衬衫,see-through_shirt,1,see-through shirt
透明衬衫,see-through_shirt,1,see-through shirt
透视内衣,see-through_clothes,1,see-through underwear
透视比基尼,see-through_bikini,1,see-through bikini
乳沟,breast_focus,1,body focus
胸部特写,breast_focus,1,body focus
胸特写,breast_focus,1,body focus
屁股特写,ass_focus,1,body focus
臀部特写,ass_focus,1,body focus
胯部视角,pov_crotch,1,camera/body focus
腿间视角,pov_crotch,1,camera/body focus
骆驼趾,cameltoe,1,clothing/body outline
駱駝趾,cameltoe,1,clothing/body outline
抓胸,breast_grab,2,contact
揉胸,breast_grab,2,contact
摸胸,breast_grab,2,contact
抓屁股,ass_grab,2,contact
摸屁股,ass_grab,2,contact
抓屁屁,ass_grab,2,contact
摸屁屁,ass_grab,2,contact
口交,fellatio,3,explicit act
口爆,fellatio,3,explicit act
吹箫,fellatio,3,explicit act
吹簫,fellatio,3,explicit act
深喉,deepthroat,3,explicit act
手交,handjob,3,explicit act
打手枪,handjob,3,explicit act
打手槍,handjob,3,explicit act
乳交,paizuri,3,explicit act
做爱,sex,3,explicit act
做愛,sex,3,explicit act
啪啪啪,sex,3,explicit act
啪啪,sex,3,explicit act
性爱,sex,3,explicit act
性愛,sex,3,explicit act
性交,sex,3,explicit act
床上做爱,sex,3,explicit act
后入,doggystyle,3,explicit position
後入,doggystyle,3,explicit position
狗爬,doggystyle,3,explicit position
女上位,cowgirl_position,3,explicit position
骑乘位,cowgirl_position,3,explicit position
騎乘位,cowgirl_position,3,explicit position
传教士,missionary,3,explicit position
傳教士,missionary,3,explicit position
内射,cum_inside,3,explicit act
內射,cum_inside,3,explicit act
